Series Name,Series Code,Country Name,Country Code,1990 [YR1990],2000 [YR2000],2014 [YR2014],2015 [YR2015],2016 [YR2016],2017 [YR2017],2018 [YR2018],2019 [YR2019],2020 [YR2020],2021 [YR2021],2022 [YR2022],2023 [YR2023]
"Inflation, consumer prices (annual %)",FP.CPI.TOTL.ZG,Afghanistan,AFG,..,..,4.67399603536305,-0.66170916471352,4.38389195513893,4.97595150553892,0.626149149168983,2.30237251516819,..,..,..,..
"Inflation, consumer prices (annual %)",FP.CPI.TOTL.ZG,Albania,ALB,..,0.0500181363468309,1.6258650440261,1.89617402592365,1.2754316836741,1.98666133171199,2.02805963071136,1.41109078954246,1.62088661717011,2.04147163139549,6.72520271530048,4.75976421930107
"Inflation, consumer prices (annual %)",FP.CPI.TOTL.ZG,Algeria,DZA,16.6525343885432,0.339163189071768,2.91692692067458,4.78444700693889,6.39769480268757,5.59111590961664,4.26999020467084,1.95176821052892,2.41513094083414,7.22606307415477,9.26551551551553,9.32217375928322
"Inflation, consumer prices (annual %)",FP.CPI.TOTL.ZG,American Samoa,ASM,..,..,..,..,..,..,..,..,..,..,..,..
"Inflation, consumer prices (annual %)",FP.CPI.TOTL.ZG,Andorra,AND,..,..,..,..,..,..,..,..,..,..,..,..
"Inflation, consumer prices (annual %)",FP.CPI.TOTL.ZG,Angola,AGO,..,324.996871601321,7.28038730361121,9.35597215533784,30.6944150806719,29.8444799015679,19.6289379701521,17.080954143438,22.271539247051,25.7542948841891,21.3552901320822,13.6441017767715
"Inflation, consumer prices (annual %)",FP.CPI.TOTL.ZG,Antigua and Barbuda,ATG,..,0.77177979690018,1.08944157435355,0.968993458825638,-0.489437796230499,2.43248789041363,1.20715793367008,1.43135598182984,0.625989707046719,2.06299638545334,7.53107834634288,5.06713865364213
"Inflation, consumer prices (annual %)",FP.CPI.TOTL.ZG,Argentina,ARG,..,..,..,..,..,..,..,..,..,..,..,..
"Inflation, consumer prices (annual %)",FP.CPI.TOTL.ZG,Armenia,ARM,..,-0.790883768934757,2.98130868933672,3.73169119261693,-1.403607559009,0.969553268816138,2.52023382001638,1.44344660770698,1.21143577838465,7.18483629443371,8.64091108973855,1.98041877615554
"Inflation, consumer prices (annual %)",FP.CPI.TOTL.ZG,Aruba,ABW,5.83668775158166,4.04402131190513,0.421440918881214,0.474763597342641,-0.931195987079561,-1.02828178762012,3.62604141352961,4.25746204335428,..,..,..,..
"Inflation, consumer prices (annual %)",FP.CPI.TOTL.ZG,Australia,AUS,7.33302195235872,4.45743514797224,2.48792270531404,1.50836672165921,1.27699094497324,1.94864740944527,1.91140094445691,1.61076787290379,0.846905537459305,2.86391042204994,6.59409671341846,5.5970149253731
"Inflation, consumer prices (annual %)",FP.CPI.TOTL.ZG,Austria,AUT,3.26187231878578,2.34486285357282,1.60581182954474,0.89656333526032,0.891591752655362,2.08126911385587,1.9983798142954,1.53089564152644,1.38191063351862,2.7666666666667,8.5468699318845,7.81413417002832
"Inflation, consumer prices (annual %)",FP.CPI.TOTL.ZG,Azerbaijan,AZE,..,1.80500303704356,1.37344181533176,4.02768573742726,12.4433748584372,12.9359184187335,2.26854690373999,2.61057182799215,2.75980947008127,6.65029912708779,13.8522590144267,8.78543049849081
"Inflation, consumer prices (annual %)",FP.CPI.TOTL.ZG,"Bahamas, The",BHS,4.66931912018676,1.60632941740579,1.51375643050831,1.86148302863371,-0.346376929989397,1.51820700736147,2.26586346678736,2.49123527368046,0.0385210980054558,2.90491262928478,5.60540633583044,3.05291578969743
"Inflation, consumer prices (annual %)",FP.CPI.TOTL.ZG,Bahrain,BHR,0.929335437489093,-0.70485295309079,2.64755321246189,1.84862742374977,2.78679347602044,1.38671830576406,2.08766938046978,1.00582004702137,-2.31770629331379,-0.60631938514085,3.62574104304482,0.0746206782192256
"Inflation, consumer prices (annual %)",FP.CPI.TOTL.ZG,Bangladesh,BGD,6.12671846981458,2.20825620937535,6.99163889220849,6.19428022984984,5.51352572692995,5.70207015717239,5.54362139486476,5.59199639930629,5.69107474746211,5.54565430773473,7.69695437176898,9.8835030377921
"Inflation, consumer prices (annual %)",FP.CPI.TOTL.ZG,Barbados,BRB,3.07457271078017,2.43581303489137,1.76950322089729,-1.11278992510967,1.28192813061895,4.66018463955996,3.67381410406801,4.10028964518461,..,..,..,9.79207077126447
"Inflation, consumer prices (annual %)",FP.CPI.TOTL.ZG,Belarus,BLR,..,168.620235850933,18.1195543526734,13.5344897649735,11.8365807653497,6.03183725177793,4.87230220550684,5.59815595039854,5.54814357456511,9.46028389623103,15.209675274081,5.0005990309131
"Inflation, consumer prices (annual %)",FP.CPI.TOTL.ZG,Belgium,BEL,3.44831217961808,2.54451776190908,0.340002833356922,0.561429152790065,1.97385264653181,2.12597086002607,2.05316499865186,1.43681956996429,0.740791812220344,2.44024851144084,9.597511728725,4.04901077613941
"Inflation, consumer prices (annual %)",FP.CPI.TOTL.ZG,Belize,BLZ,3.05907172995786,3.06743966930585,1.20139964481058,-0.861584009427748,0.663427167917601,1.14765339305816,0.269982622646335,0.187069385181424,0.121434644614894,3.23563659237071,6.27689319447544,4.38984017487675
"Inflation, consumer prices (annual %)",FP.CPI.TOTL.ZG,Benin,BEN,..,4.16540442290284,-0.548757550948091,0.218785923536154,-0.793310145785534,0.0432648555103608,0.919170717886054,0.732849371240975,3.02272119663769,1.73353962694036,1.35077863583527,2.73102465280233
"Inflation, consumer prices (annual %)",FP.CPI.TOTL.ZG,Bermuda,BMU,..,..,..,..,..,..,..,..,..,..,..,..
"Inflation, consumer prices (annual %)",FP.CPI.TOTL.ZG,Bhutan,BTN,10.0118383223406,4.01212081070342,8.27106093949328,4.54814395082205,3.21988689395718,4.95508366985129,2.7239638618372,2.7264303738882,5.62936522632514,7.3468144053353,5.63916671396365,4.22934419929261
"Inflation, consumer prices (annual %)",FP.CPI.TOTL.ZG,Bolivia,BOL,17.1187746048239,4.60822998872598,5.76660074579144,4.05961041135645,3.62321431764138,2.8227580554717,2.27205987230155,1.83954504969026,0.940742153381849,0.737383721452275,1.74632872945969,2.57688800489192
"Inflation, consumer prices (annual %)",FP.CPI.TOTL.ZG,Bosnia and Herzegovina,BIH,..,..,-0.897194054194333,-1.03602303425474,-1.58400833333336,0.810039425333895,1.41710814018034,0.56278215406123,-1.0512960076349,1.98163900587622,14.0208440826771,6.1059011284828
"Inflation, consumer prices (annual %)",FP.CPI.TOTL.ZG,Botswana,BWA,11.3963461199556,8.60148514851491,4.40225309243427,3.06203169580558,2.81495791361944,3.30828076768219,3.23801558947715,2.77286442863321,1.8903591682421,7.24097765588442,11.665567478802,5.0676154934383
"Inflation, consumer prices (annual %)",FP.CPI.TOTL.ZG,Brazil,BRA,2947.732772483,7.04414105947266,6.32904015516139,9.02990102416136,8.73914352329393,3.44637335032669,3.66485028376729,3.73297621216894,3.21176803803376,8.30165975585673,9.28010608956873,4.59356282283204
"Inflation, consumer prices (annual %)",FP.CPI.TOTL.ZG,British Virgin Islands,VGB,..,..,..,..,..,..,..,..,..,..,..,..
"Inflation, consumer prices (annual %)",FP.CPI.TOTL.ZG,Brunei Darussalam,BRN,2.13866293163795,1.55815247634946,-0.207108731719822,-0.488347420743522,-0.278693265753083,-1.2605056462896,1.02505179290212,-0.390522069165529,1.94031996607184,1.73341388450593,3.68225030604216,0.35706431153689
"Inflation, consumer prices (annual %)",FP.CPI.TOTL.ZG,Bulgaria,BGR,23.8000000000003,10.316262128999,-1.4181838026484,-0.104633261008385,-0.79864988645371,2.06159619443141,2.81454473824829,3.10372944796781,1.67244096855756,3.29774435299515,15.3252589264366,9.44284140088564
"Inflation, consumer prices (annual %)",FP.CPI.TOTL.ZG,Burkina Faso,BFA,-0.504303388918912,-0.304212168486803,-0.258089517535384,0.724838981070517,0.441041448058902,1.48299897161325,1.95594302672523,-3.2333893398333,1.88443993781991,3.65353287214209,14.2902354303358,0.742910428668841
"Inflation, consumer prices (annual %)",FP.CPI.TOTL.ZG,Burundi,BDI,7.00216956651122,24.4320242102151,4.40535234185293,5.54468891259779,5.55768961400965,16.0525353030392,-2.81469807668465,-0.686772170797359,7.32110643415521,8.40453845076341,18.8008786664945,26.9414835762453
"Inflation, consumer prices (annual %)",FP.CPI.TOTL.ZG,Cabo Verde,CPV,10.6535057862491,-2.47745668519835,-0.238778144990624,0.131187999024545,-1.40781637091706,0.784415251101334,1.25699566690509,1.10666674296063,0.605795808395385,1.86215297494647,7.93092925430087,3.72437517668748
"Inflation, consumer prices (annual %)",FP.CPI.TOTL.ZG,Cambodia,KHM,..,-0.791992529473567,3.85568861424207,1.22393195511119,3.01913975139128,2.91263557371478,2.45908515380146,1.94257500833107,2.9402951426397,2.92073477592949,5.34370264895437,2.12746796594194
"Inflation, consumer prices (annual %)",FP.CPI.TOTL.ZG,Cameroon,CMR,1.09938128383608,1.22719012976132,1.85489850366777,2.676235314199,0.874190383288856,0.64040914988195,1.0688581131292,2.45280214062732,2.43760882182236,2.27185762503637,6.24767713343861,7.38281384280984
"Inflation, consumer prices (annual %)",FP.CPI.TOTL.ZG,Canada,CAN,4.78047693336304,2.71943995691976,1.90663590717861,1.12524136094277,1.42875954701085,1.59688412852977,2.26822567248103,1.94926902411593,0.716999632307827,3.39519318527528,6.80280115341613,3.87900159788426
"Inflation, consumer prices (annual %)",FP.CPI.TOTL.ZG,Cayman Islands,CYM,..,..,1.27397911533388,-2.34752770165615,-0.62525835861814,..,..,..,..,..,..,..
"Inflation, consumer prices (annual %)",FP.CPI.TOTL.ZG,Central African Republic,CAF,-0.0123304562272102,3.20340091563112,14.898684179755,1.40297017136816,4.94543276106518,4.18072331871267,1.61215686991555,2.68537355266787,1.71015659523153,4.25936417542868,5.58316735183247,2.97913852618937
"Inflation, consumer prices (annual %)",FP.CPI.TOTL.ZG,Chad,TCD,-0.738282265310941,3.82260088086307,1.68197313925661,4.37712665065654,-0.792440525236016,-1.53709962980849,4.27462198610545,-0.971939175419317,4.4641443723286,-0.772844370359139,5.78802687843616,10.8363568399842
"Inflation, consumer prices (annual %)",FP.CPI.TOTL.ZG,Channel Islands,CHI,..,..,..,..,..,..,..,..,..,..,..,..
"Inflation, consumer prices (annual %)",FP.CPI.TOTL.ZG,Chile,CHL,26.0364811362365,3.84327295706575,4.71867527854663,4.34877353217053,3.78619355893118,2.18271846868519,2.43488981353057,2.55754475703327,3.04549084804334,4.52456838259121,11.6438667110561,7.58168251407969
"Inflation, consumer prices (annual %)",FP.CPI.TOTL.ZG,China,CHN,3.05229012075233,0.347811226864587,1.92164162788521,1.43702380935655,2.00000182191943,1.59313600071436,2.07479039965576,2.89923416358227,2.41942189457782,0.981015135544882,1.97357555739051,0.234836828893051
"Inflation, consumer prices (annual %)",FP.CPI.TOTL.ZG,Colombia,COL,29.1520245976215,9.22534818585366,2.89883787761738,4.9898311584953,7.51346024627675,4.31431325695011,3.24056932930569,3.52301932741447,2.52663500084706,3.49505757399448,10.1772313546166,11.7359044948689
"Inflation, consumer prices (annual %)",FP.CPI.TOTL.ZG,Comoros,COM,..,..,..,..,..,..,..,..,..,..,..,..
"Inflation, consumer prices (annual %)",FP.CPI.TOTL.ZG,"Congo, Dem. Rep.",COD,81.295404814004,513.906843747535,1.24303889760803,0.74419899478147,2.88585107289988,..,..,..,..,..,..,..
"Inflation, consumer prices (annual %)",FP.CPI.TOTL.ZG,"Congo, Rep.",COG,2.88905374216947,-0.881991517025431,0.912139545450097,3.16909796750829,3.19056179723773,0.450063823285546,1.15277896375523,2.20607305781525,1.79537147083108,1.7156427545126,3.04344334698478,4.30174563591016
"Inflation, consumer prices (annual %)",FP.CPI.TOTL.ZG,Costa Rica,CRI,19.0397526635649,10.9615496593622,4.51920098516954,0.801982005099623,-0.0174788505908217,1.62590692991732,2.22111461526581,2.09604635327807,0.724911478131376,1.72647755109241,8.27477490232654,0.525193508693455
"Inflation, consumer prices (annual %)",FP.CPI.TOTL.ZG,Cote d'Ivoire,CIV,-0.805879698278037,2.53077516737987,0.448682076766141,1.25149954781477,0.723178457513217,0.685881065304603,0.359409031380677,-1.10686343994188,2.42500656821815,4.09195189692863,5.27616724262846,4.38711707003279
"Inflation, consumer prices (annual %)",FP.CPI.TOTL.ZG,Croatia,HRV,500.000000000001,4.61131554737801,-0.215196159576268,-0.464499004644911,-1.12500000000002,1.12937210282347,1.50012501041756,0.771820346498019,0.154811374562106,2.55450699642041,10.7805806758686,7.9412817758683
"Inflation, consumer prices (annual %)",FP.CPI.TOTL.ZG,Cuba,CUB,..,..,..,..,..,..,..,..,..,..,..,..
"Inflation, consumer prices (annual %)",FP.CPI.TOTL.ZG,Curacao,CUW,..,..,1.4987396961643,-0.476542049801405,-0.0472079848940293,1.58558801700345,2.58368756641814,2.62220783425059,..,..,..,..
"Inflation, consumer prices (annual %)",FP.CPI.TOTL.ZG,Cyprus,CYP,4.50205462895843,4.14165764702061,-1.35498885446315,-2.0969976905311,-1.42916666666665,0.531766496174467,1.43549119531759,0.250370996758493,-0.638422797978959,2.44608867175474,8.39548297993334,3.54134188751663
"Inflation, consumer prices (annual %)",FP.CPI.TOTL.ZG,Czechia,CZE,..,3.77538829151734,0.343988589646794,0.309364548494975,0.683504209385703,2.4505339846014,2.14949494949493,2.8478759591805,3.16129528497801,3.83984491500146,15.1001651468371,10.6612601372426
"Inflation, consumer prices (annual %)",FP.CPI.TOTL.ZG,Denmark,DNK,2.64160306382,2.90328203236453,0.56402054044954,0.452034153691575,0.250000000000031,1.14713216957602,0.813609467455631,0.75813157251162,0.420711974110115,1.8530454398968,7.6965669988926,3.30517811237606
"Inflation, consumer prices (annual %)",FP.CPI.TOTL.ZG,Djibouti,DJI,..,..,1.34186494340157,-0.847389733971996,2.73841208738755,0.568112117084804,0.14797084987711,3.31925372703827,1.7774078380617,1.18191775339802,5.17980847967061,1.49506816515088
"Inflation, consumer prices (annual %)",FP.CPI.TOTL.ZG,Dominica,DMA,3.19092323226821,0.856946805358483,0.799250372687492,-0.84382698463833,0.141816225732312,0.296252889279487,0.98919111918989,1.50462353858141,-0.727116412668203,1.4831944499819,7.7806152516404,4.22769324983409
"Inflation, consumer prices (annual %)",FP.CPI.TOTL.ZG,Dominican Republic,DOM,50.4624792378524,7.72413566181616,2.99864226125219,0.836746346724557,1.61416607245223,3.27955694678546,3.56443426013508,1.81060377042959,3.78103179915517,8.24300347981809,8.81109209279587,4.78561281021135
"Inflation, consumer prices (annual %)",FP.CPI.TOTL.ZG,Ecuador,ECU,48.5191129963729,96.0963756926096,3.58922016616663,3.96664623255358,1.72826463324533,0.417335588666825,-0.224103246005552,0.266012515466155,-0.338872392562139,0.133251386096389,3.46616972213077,2.21568764237058
"Inflation, consumer prices (annual %)",FP.CPI.TOTL.ZG,"Egypt, Arab Rep.",EGY,16.7563747077691,2.68380535348546,10.0702154687481,10.370490343517,13.813606214829,29.5066083940039,14.4014657807422,9.15279959324804,5.04493288977539,5.21404940513043,13.8956609775178,33.8847763115546
"Inflation, consumer prices (annual %)",FP.CPI.TOTL.ZG,El Salvador,SLV,23.9991651130861,2.27128756828723,1.14134467538233,-0.731384487387957,0.60404908699661,1.0123540331558,1.09033000581892,0.0753241350024612,-0.371590212324095,3.46692585313082,7.19861615609867,4.04554694222477
"Inflation, consumer prices (annual %)",FP.CPI.TOTL.ZG,Equatorial Guinea,GNQ,0.857871551124735,4.80228886901398,4.30999866149107,1.67663085315988,1.41193915479015,0.74435474661241,1.06007410662171,1.53027528964189,4.76669523944228,-0.0971007664640198,4.78671704710803,..
"Inflation, consumer prices (annual %)",FP.CPI.TOTL.ZG,Eritrea,ERI,..,..,..,..,..,..,..,..,..,..,..,..
"Inflation, consumer prices (annual %)",FP.CPI.TOTL.ZG,Estonia,EST,..,4.01848952508763,-0.10617514652171,-0.49232600654737,0.148684907627373,3.41723549488054,3.43632688420446,2.27725931243522,-0.44453109767983,4.65316673847473,19.3982634080616,9.15922507983982
"Inflation, consumer prices (annual %)",FP.CPI.TOTL.ZG,Eswatini,SWZ,13.0922899124981,12.2085358545844,5.68134885776447,4.95124493704919,7.8472745908568,6.22137528933118,4.81506167461513,2.59801620311077,..,..,..,..
"Inflation, consumer prices (annual %)",FP.CPI.TOTL.ZG,Ethiopia,ETH,5.15248124174767,0.662458109266482,6.89001951597192,9.56889955968623,6.62813337230924,10.6871150284238,13.8330356586661,15.8096321719344,20.3563468559061,26.8395221557722,33.8898797100898,30.2188278135278
"Inflation, consumer prices (annual %)",FP.CPI.TOTL.ZG,Faroe Islands,FRO,..,..,..,..,..,..,..,..,..,..,..,..
"Inflation, consumer prices (annual %)",FP.CPI.TOTL.ZG,Fiji,FJI,8.19137132040974,1.09216459977388,0.519306474579194,1.37488542621438,3.86322538221269,3.3475783475784,4.08147637644526,1.77310182460282,-2.5952432588738,0.155855722131516,4.52019266394958,2.14817440623896
"Inflation, consumer prices (annual %)",FP.CPI.TOTL.ZG,Finland,FIN,6.1495653117985,3.04210080667795,1.04119621178439,-0.207928839905268,0.356684500891695,0.754015047084346,1.08382098409305,1.02409392963431,0.290554555653239,2.19457432340007,7.12350773301402,6.25064322154763
"Inflation, consumer prices (annual %)",FP.CPI.TOTL.ZG,France,FRA,3.19428338029475,1.67595988720927,0.50775882293799,0.0375143805125182,0.18333486112386,1.03228275064662,1.85081508315502,1.10825492288294,0.476498852725066,1.64233141038385,5.22236748369735,4.87835726508441
"Inflation, consumer prices (annual %)",FP.CPI.TOTL.ZG,French Polynesia,PYF,..,..,..,..,..,..,..,..,..,..,..,..
"Inflation, consumer prices (annual %)",FP.CPI.TOTL.ZG,Gabon,GAB,7.72532188841208,0.504920025834859,4.69045751826284,-0.338795188753406,2.10670712784054,2.65192583143902,4.74906652083221,2.46456756151187,1.35276110675333,1.0869074651941,4.23124798274579,3.62901534185376
"Inflation, consumer prices (annual %)",FP.CPI.TOTL.ZG,"Gambia, The",GMB,12.1677841130696,0.8449695667737,5.94799935696626,6.8084549457961,7.22879272057922,8.03418974545911,6.52096823946573,7.11567625631192,5.93127636562441,7.37034758876618,11.5131198380505,16.9742129632327
"Inflation, consumer prices (annual %)",FP.CPI.TOTL.ZG,Georgia,GEO,..,4.06396201382596,3.06881210379543,4.00357820695097,2.13492713939121,6.03531725272117,2.6152447139767,4.85289821696723,5.2024648897534,9.56691433824769,11.8981654203198,2.48776056578715
"Inflation, consumer prices (annual %)",FP.CPI.TOTL.ZG,Germany,DEU,2.69646824292392,1.44026838719741,0.906794000434246,0.514426137125456,0.491747008445174,1.50949485109628,1.73216879766942,1.44565976888253,0.144877925813982,3.06666666666673,6.87257438551097,5.94643667725823
"Inflation, consumer prices (annual %)",FP.CPI.TOTL.ZG,Ghana,GHA,37.2590664855671,40.240933123914,15.4896160333318,17.1499695007878,17.4546347070868,12.3719215507048,7.80876516610703,7.14364003330857,9.88728956269944,9.9710886750444,31.2558951049016,38.1069656296501
"Inflation, consumer prices (annual %)",FP.CPI.TOTL.ZG,Gibraltar,GIB,..,..,..,..,..,..,..,..,..,..,..,..
"Inflation, consumer prices (annual %)",FP.CPI.TOTL.ZG,Greece,GRC,20.433499109463,3.1511816249383,-1.31226096405506,-1.73588804765284,-0.825653978390973,1.12125452031419,0.62562141345364,0.253007522038157,-1.24798355581405,1.22382501019854,9.64525981280632,3.46480128513405
"Inflation, consumer prices (annual %)",FP.CPI.TOTL.ZG,Greenland,GRL,..,..,..,..,..,..,..,..,..,..,..,..
"Inflation, consumer prices (annual %)",FP.CPI.TOTL.ZG,Grenada,GRD,2.72423736530525,2.18181818181821,-0.98360305555498,-0.515448031435329,1.65038994431573,0.908458255874249,0.804102313277033,0.598149764736022,-0.740732597045498,1.21951193916838,2.5805392590792,2.69612269814564
"Inflation, consumer prices (annual %)",FP.CPI.TOTL.ZG,Guam,GUM,..,..,..,..,..,..,..,..,..,..,..,..
"Inflation, consumer prices (annual %)",FP.CPI.TOTL.ZG,Guatemala,GTM,41.2218671380973,5.9775773473714,3.4183616966296,2.3887203283955,4.44844199942827,4.42453655182538,3.75186186704508,3.69998398008605,3.21444062197345,4.26105127422813,6.88512823344287,..
"Inflation, consumer prices (annual %)",FP.CPI.TOTL.ZG,Guinea,GIN,..,..,6.1505055670642,11.7800825029834,8.17268112275132,8.91435947913097,9.82761701259191,9.47001039253012,10.6016203387167,12.5972882566934,10.4930409984424,7.80497591927973
"Inflation, consumer prices (annual %)",FP.CPI.TOTL.ZG,Guinea-Bissau,GNB,33.0019778318026,8.63632094930278,-1.50924460570503,1.47672048910494,1.50312055861088,1.69111461822289,0.381324702791081,0.24660026814783,1.14000939393213,2.24248879577659,9.39383877456591,..
"Inflation, consumer prices (annual %)",FP.CPI.TOTL.ZG,Guyana,GUY,..,6.14854333024871,0.852630497539914,-1.00173432776374,0.836008061506207,1.90465615515584,1.28284288443528,2.08723089162013,0.99333702283873,5.03285574626702,6.11505550109935,2.82110335099641
"Inflation, consumer prices (annual %)",FP.CPI.TOTL.ZG,Haiti,HTI,21.2760320067832,9.33322197565603,3.43816659958601,6.73184069658997,11.5029073942666,10.6800887242584,12.4814111170435,18.7037825672506,22.7963113642528,16.8415240198785,33.98393194707,36.8135162780854
"Inflation, consumer prices (annual %)",FP.CPI.TOTL.ZG,Honduras,HND,23.3225664366467,11.0480349344976,6.12924930313022,3.15783117980923,2.72461223295289,3.93436084442044,4.34734937777528,4.36587159819267,3.46841177951184,4.48087963413445,9.08963911525025,6.66325180347457
"Inflation, consumer prices (annual %)",FP.CPI.TOTL.ZG,"Hong Kong SAR, China",HKG,10.4265402843602,-3.68550368550369,4.42364532019699,2.99084819322581,2.40930743862224,1.49387243939522,2.40613432046534,2.88320853773996,0.2509620210808,1.56875834445922,1.88136707196853,2.09660511249089
"Inflation, consumer prices (annual %)",FP.CPI.TOTL.ZG,Hungary,HUN,28.3695996532777,9.80361016908125,-0.227566270988219,-0.0616446800641672,0.394769306686392,2.34824281150154,2.85024792594646,3.33858635382008,3.32674385766738,5.11096534382855,14.6081439492433,17.1249659678737
"Inflation, consumer prices (annual %)",FP.CPI.TOTL.ZG,Iceland,ISL,15.510721994253,5.13647123245151,2.04461481539333,1.63305558181326,1.69692761997751,1.76041559180596,2.68291768267392,3.01397179156053,2.84792401518665,4.44423970189739,8.3087551155892,8.73630299937298
"Inflation, consumer prices (annual %)",FP.CPI.TOTL.ZG,India,IND,8.9712325027325,4.0094359104519,6.66565671867899,4.90697344127256,4.94821634062141,3.32817337461298,3.9388264669163,3.72950573539129,6.62343677628535,5.13140747176369,6.69903414079852,5.64914318907925
"Inflation, consumer prices (annual %)",FP.CPI.TOTL.ZG,Indonesia,IDN,7.81919144730547,3.68861915958352,6.39492540819922,6.36312113115612,3.5258051568793,3.80879806953157,3.1983464156241,3.03058664969487,1.9209680056685,1.56012990525673,4.20946383402165,3.67013142377007
"Inflation, consumer prices (annual %)",FP.CPI.TOTL.ZG,"Iran, Islamic Rep.",IRN,7.62767493763934,14.4767513188567,16.6065532357449,12.4846815611533,7.24542548952979,8.04492437660278,18.0141183371874,39.9073455697784,30.5941390387295,43.3890162681514,43.4884641742179,44.5791857572797
"Inflation, consumer prices (annual %)",FP.CPI.TOTL.ZG,Iraq,IRQ,..,4.97896213183735,2.23597407904679,1.39333028780309,0.556521397155511,0.18405889884769,0.367441488936849,-0.198965380023928,0.574162679425795,6.04186489058044,4.99476596381044,4.35835351089586
"Inflation, consumer prices (annual %)",FP.CPI.TOTL.ZG,Ireland,IRL,3.31732886680118,5.57763269940387,0.190916398713745,-0.330959783371788,0.0201247735963237,0.362173038229378,0.471130713712916,0.937842961189274,-0.326183651280033,2.34034113447044,7.82945736434105,6.29942487419125
"Inflation, consumer prices (annual %)",FP.CPI.TOTL.ZG,Isle of Man,IMN,..,..,..,..,..,..,..,..,..,..,..,..
"Inflation, consumer prices (annual %)",FP.CPI.TOTL.ZG,Israel,ISR,17.1858952413557,1.03264094955491,0.479786761439324,-0.601291007162392,-0.551552352993558,0.25941497450575,0.794075660242718,0.84978312826417,-0.61441235846577,1.51020047690539,4.39359665912654,4.22535211267609
"Inflation, consumer prices (annual %)",FP.CPI.TOTL.ZG,Italy,ITA,6.456609061464,2.53768532095002,0.241047429826756,0.0387903996579733,-0.09401665691575,1.22653316645812,1.13748763600391,0.611246943765304,-0.13770757391651,1.87378325762481,8.20128991161718,5.62219442195901
"Inflation, consumer prices (annual %)",FP.CPI.TOTL.ZG,Jamaica,JAM,21.9601751165083,8.17108356120225,8.27407886231419,3.69154228855725,2.35102197485846,4.37839864991561,3.73663882152163,3.90510000865872,5.2267777929352,5.86278242801063,10.3495688391272,6.47413734662063
"Inflation, consumer prices (annual %)",FP.CPI.TOTL.ZG,Japan,JPN,3.0785162869516,-0.676578683595175,2.75922671353253,0.795279630579839,-0.127258844489754,0.484199796126385,0.989094598021848,0.46877615938395,-0.024995834027731,-0.233352779398264,2.49770278172255,3.26813365933163
"Inflation, consumer prices (annual %)",FP.CPI.TOTL.ZG,Jordan,JOR,16.1921375615233,0.66688092559796,2.89947905006057,-0.876851359704049,-0.778430463054142,3.32389447576097,4.46231108475481,0.761514047265601,0.333294350628378,1.34609377243118,4.22915568897117,2.08486986327134
"Inflation, consumer prices (annual %)",FP.CPI.TOTL.ZG,Kazakhstan,KAZ,..,13.1808905865732,6.84944977003349,6.67828585615244,14.3610942386247,7.44266321306792,6.16366247577751,5.33356098916669,6.71815454861464,8.04147134028396,15.0278644440851,14.7249900200331
"Inflation, consumer prices (annual %)",FP.CPI.TOTL.ZG,Kenya,KEN,17.78181442992,9.98002515350979,6.87815499275949,6.58215429284779,6.29724953814625,8.00564967709945,4.6898064677633,5.23963795764792,5.40516207933392,6.10793603659176,7.65986268272224,7.67139634029402
"Inflation, consumer prices (annual %)",FP.CPI.TOTL.ZG,Kiribati,KIR,..,..,2.10398520925043,0.572015743634256,1.91731090233378,0.355520888546828,0.564030491493476,-1.81307995302947,2.5532455441463,2.05361676773907,5.34595440908904,9.28307374517721
"Inflation, consumer prices (annual %)",FP.CPI.TOTL.ZG,"Korea, Dem. People's Rep.",PRK,..,..,..,..,..,..,..,..,..,..,..,..
"Inflation, consumer prices (annual %)",FP.CPI.TOTL.ZG,"Korea, Rep.",KOR,8.57327225728677,2.25916580080157,1.27477446401322,0.70633177245575,0.971685739912168,1.94433230786366,1.47583935002645,0.383000303608136,0.537288023411737,2.49833333333339,5.08951365062842,3.5974562502901
"Inflation, consumer prices (annual %)",FP.CPI.TOTL.ZG,Kosovo,XKX,..,..,0.428957808324092,-0.536929392740659,0.273169431045468,1.48823430592319,1.05379773654991,2.67599202639893,0.198227922994854,3.35369139207997,11.5805104542012,4.94432438791283
"Inflation, consumer prices (annual %)",FP.CPI.TOTL.ZG,Kuwait,KWT,9.83363531543402,1.81294613887089,2.90892672858625,3.27170166092133,3.19839776658374,2.17183298510006,0.543133148199567,1.09184802655856,2.101729548274,3.42362947609188,3.98064961990313,3.64216403030709
"Inflation, consumer prices (annual %)",FP.CPI.TOTL.ZG,Kyrgyz Republic,KGZ,..,18.7007342838023,7.5342472977589,6.50331838993384,0.388838296895799,3.1753098637994,1.54266145238436,1.13362257718804,6.32542296338078,11.9050398185147,13.9229093174176,10.7532770416742
"Inflation, consumer prices (annual %)",FP.CPI.TOTL.ZG,Lao PDR,LAO,35.642982971227,25.0846414281315,4.12924306873771,1.27735427102992,1.59691227583204,0.825478607568026,2.04039266890201,3.32255881256925,5.10407262959919,3.75562036658877,22.9562225132056,31.2301341732646
"Inflation, consumer prices (annual %)",FP.CPI.TOTL.ZG,Latvia,LVA,..,2.65425477796048,0.620490636732421,0.174242243625186,0.140633334505327,2.93036312374665,2.53445424186598,2.81140920075615,0.219064904842156,3.27582937431156,17.3102830198815,8.93804623316637
"Inflation, consumer prices (annual %)",FP.CPI.TOTL.ZG,Lebanon,LBN,..,..,1.8546042134091,-3.74914524799629,-0.783359624361508,4.32135218303191,6.07698907889607,3.00538949390383,84.8643330472041,154.756096023393,171.205491336641,221.341644023365
"Inflation, consumer prices (annual %)",FP.CPI.TOTL.ZG,Lesotho,LSO,11.6347569955818,6.13197538722696,5.37028961008587,3.21844513655931,6.59650490696543,4.447699373763,4.7518030162474,5.18708359197982,4.97809676252309,6.04774591950676,8.27180389943028,6.34221743124953
"Inflation, consumer prices (annual %)",FP.CPI.TOTL.ZG,Liberia,LBR,..,..,9.86111285574904,7.74869687621322,8.83424868336488,12.4196323907138,23.5635148953742,26.9662760197878,16.9557241496255,7.81559385858648,7.59298486560313,10.0944535665552
"Inflation, consumer prices (annual %)",FP.CPI.TOTL.ZG,Libya,LBY,8.45146240803882,-2.90000000000024,2.43294141599225,10.4022933588151,25.8538742124461,25.8036184788338,13.1702038536721,-2.16217883470595,1.44703656998741,2.86833027751019,4.51030149235703,2.37317531435169
"Inflation, consumer prices (annual %)",FP.CPI.TOTL.ZG,Liechtenstein,LIE,..,..,..,..,..,..,..,..,..,..,..,..
"Inflation, consumer prices (annual %)",FP.CPI.TOTL.ZG,Lithuania,LTU,..,0.981615478857598,0.103758009433708,-0.884097405500596,0.905525075460342,3.72288862303707,2.69792779208394,2.33450937988027,1.19989444983569,4.68354420903453,19.7050461518394,9.11731962390475
"Inflation, consumer prices (annual %)",FP.CPI.TOTL.ZG,Luxembourg,LUX,3.25376659083639,3.15076707022592,0.628543985440717,0.474743161437779,0.290833333333317,1.73079959118887,1.5281952430738,1.74332075653848,0.819957302127036,2.52692009066166,6.33600807777919,3.74140361983136
"Inflation, consumer prices (annual %)",FP.CPI.TOTL.ZG,"Macao SAR, China",MAC,7.96969384363224,-1.60971883961895,6.04823452094085,4.56056338028164,2.36895749705898,1.22812404052816,3.00446293166938,2.75193081051982,0.811410511491651,0.0264543647054126,1.04502802369954,0.476384495788075
"Inflation, consumer prices (annual %)",FP.CPI.TOTL.ZG,Madagascar,MDG,11.7844838321357,11.859684500028,6.08040811088302,7.40419174202129,6.03575858154679,8.60905075422949,8.59422958870476,5.61051441492365,4.20179312190557,5.81225118787715,8.16059031991844,9.87432675044888
"Inflation, consumer prices (annual %)",FP.CPI.TOTL.ZG,Malawi,MWI,11.8235380454151,29.5814884631684,23.7920649469687,21.8673475542553,21.7111132136499,11.5433939188771,12.420178108921,9.3708360560567,8.62551469650552,9.33014410835212,20.953969729969,28.7897428247298
"Inflation, consumer prices (annual %)",FP.CPI.TOTL.ZG,Malaysia,MYS,2.61780104712051,1.53474023697699,3.14299050879095,2.10438980238359,2.09056659525742,3.87120115774237,0.884709160571235,0.662891865764326,-1.1387021539305,2.47710241465447,3.37869862549928,2.48886560125754
"Inflation, consumer prices (annual %)",FP.CPI.TOTL.ZG,Maldives,MDV,3.64991197717477,-1.17475681175946,2.12000175718134,0.953206658777607,0.502509413611612,2.81747338234509,-0.133373386117595,0.220029731065383,-1.36977425569811,0.543149688737013,2.33314337624567,2.92746542425035
"Inflation, consumer prices (annual %)",FP.CPI.TOTL.ZG,Mali,MLI,0.606339703737522,-0.677661659046769,0.883814547137841,1.45069057605961,-1.79964707083386,1.75985742927156,0.299546507387934,-1.65826694846365,0.438088940320668,3.92560283104276,9.62147608489072,2.05880228274214
"Inflation, consumer prices (annual %)",FP.CPI.TOTL.ZG,Malta,MLT,2.9834058606356,2.36959287531806,0.310306472181665,1.10054826378929,0.642702771527304,1.36435448150708,1.15782362451517,1.6420600176894,0.638544956776712,1.49789217934724,6.15375621933037,5.09396758978883
"Inflation, consumer prices (annual %)",FP.CPI.TOTL.ZG,Marshall Islands,MHL,..,..,..,..,..,..,..,..,..,..,..,..
"Inflation, consumer prices (annual %)",FP.CPI.TOTL.ZG,Mauritania,MRT,6.60022564874018,3.25406745833358,3.53436856147324,3.25472688117631,1.47171045650004,2.25427651934813,3.06735996058356,2.30009262117937,2.3856948845632,3.56516484650185,9.52526628622843,4.95305034506872
"Inflation, consumer prices (annual %)",FP.CPI.TOTL.ZG,Mauritius,MUS,13.4880887926371,4.19928825622809,3.21769191994685,1.2865497076024,0.977675134718965,3.66699702675916,3.21605383144579,0.405655190309553,2.5808007718283,4.02852888157376,10.7737512242899,7.05298238454743
"Inflation, consumer prices (annual %)",FP.CPI.TOTL.ZG,Mexico,MEX,26.6516725646771,9.49156149435403,4.01861608078679,2.72064064964023,2.8217078474766,6.04145724018986,4.89935015356551,3.63596142127046,3.39683415570006,5.68920847683753,7.8962761916855,5.52796087314389
"Inflation, consumer prices (annual %)",FP.CPI.TOTL.ZG,"Micronesia, Fed. Sts.",FSM,..,2.15851810619419,0.650284891767944,-0.2981158373807,-1.03746806405349,0.58225373525489,1.49840023593737,1.92385170787923,0.554594630853174,3.19128406597466,5.40874375479067,..
"Inflation, consumer prices (annual %)",FP.CPI.TOTL.ZG,Moldova,MDA,..,31.2993015817781,5.08878554625879,9.6762403310186,6.35930898037932,6.57022997455605,3.04505397337071,4.83778351428728,3.76597122245351,5.10641129002841,28.7372976766235,13.41701043813
"Inflation, consumer prices (annual %)",FP.CPI.TOTL.ZG,Monaco,MCO,..,..,..,..,..,..,..,..,..,..,..,..
"Inflation, consumer prices (annual %)",FP.CPI.TOTL.ZG,Mongolia,MNG,..,11.5955387593327,12.253980812976,5.7356828193832,0.733272227314397,4.30143105302342,6.82424790145522,7.30106953550723,3.79604026111247,7.35281243380219,15.1479560897226,10.3475831314339
"Inflation, consumer prices (annual %)",FP.CPI.TOTL.ZG,Montenegro,MNE,..,..,-0.710514051710227,1.54869158222486,-0.271385023385176,2.3802359905313,2.611223782638,0.361563704540767,-0.255655699848551,2.41080198403165,13.0403036347004,8.58476910455403
"Inflation, consumer prices (annual %)",FP.CPI.TOTL.ZG,Morocco,MAR,6.78259401511006,1.89463456763464,0.442310053557048,1.5579071134626,1.63531114327064,0.754663249323619,1.80391671141896,0.303386036590383,0.705968661338261,1.40195883962006,6.65704202759067,6.09114152504141
"Inflation, consumer prices (annual %)",FP.CPI.TOTL.ZG,Mozambique,MOZ,..,..,2.55974875844295,3.55075967356746,17.4180418197597,15.1132073899384,3.91133439990723,2.80270307928106,3.48393567493209,6.40847652975692,10.2794018093421,7.12697482131851
"Inflation, consumer prices (annual %)",FP.CPI.TOTL.ZG,Myanmar,MMR,17.6267750314504,-0.109165514668565,4.953299184844,9.45417189526018,6.92882525816076,4.5725365531752,6.87232865662935,8.82506696804558,..,..,..,..
"Inflation, consumer prices (annual %)",FP.CPI.TOTL.ZG,Namibia,NAM,..,..,5.35016966859602,3.39401538410559,6.72858234593338,6.14579981111164,4.29159105337875,3.72239414422695,2.20938236933469,3.61690530108814,6.08128114112413,5.87993463284275
"Inflation, consumer prices (annual %)",FP.CPI.TOTL.ZG,Nauru,NRU,..,..,..,..,..,..,..,..,..,..,..,..
"Inflation, consumer prices (annual %)",FP.CPI.TOTL.ZG,Nepal,NPL,8.2397003745321,2.47882020709132,8.36415469659563,7.86890895590899,8.79034332004633,3.62709610696607,4.0611633875107,5.56868547784929,5.05236655289212,4.14968003360264,7.6507917679853,7.11475951738199
"Inflation, consumer prices (annual %)",FP.CPI.TOTL.ZG,Netherlands,NLD,2.45409184818341,2.36052233801948,0.976035079699679,0.600248147278776,0.316666666666743,1.38145871407206,1.7034979474447,2.63369910249601,1.27246037789161,2.67572008805385,10.0012078753473,3.83839354342808
"Inflation, consumer prices (annual %)",FP.CPI.TOTL.ZG,New Caledonia,NCL,..,..,0.178851060785511,0.570508141048402,0.578317435520754,..,..,..,..,..,..,..
"Inflation, consumer prices (annual %)",FP.CPI.TOTL.ZG,New Zealand,NZL,6.09844414810204,2.6152344624632,1.227507505974,0.292704628136101,0.646240284454524,1.85078767452536,1.59829703801696,1.61963190184048,1.71456170007245,3.94112060778728,7.17222476016441,5.73316283034957
"Inflation, consumer prices (annual %)",FP.CPI.TOTL.ZG,Nicaragua,NIC,..,7.06991352252517,6.03596861798425,3.99737996694396,3.52317317628473,3.85067166284727,4.94723728039886,5.37628990844126,3.68181341625572,4.92841396948968,10.4674244465991,8.38765854872536
"Inflation, consumer prices (annual %)",FP.CPI.TOTL.ZG,Niger,NER,-0.775653010977466,2.90014973599108,-0.930287259984466,-0.576090369833189,1.65388922387806,2.79637318871275,2.96760366004456,-2.48979265070846,2.8981937602627,3.83786802840501,4.22621791916393,3.70097316425842
"Inflation, consumer prices (annual %)",FP.CPI.TOTL.ZG,Nigeria,NGA,7.36440030557692,6.93329215565161,8.04741087967907,9.00943498007699,15.6968126387972,16.5022662139641,12.0951065173432,11.3964223378115,13.2460234276597,16.9528457221608,18.8471877843274,24.6595502031139
"Inflation, consumer prices (annual %)",FP.CPI.TOTL.ZG,North Macedonia,MKD,..,6.60742291038536,-0.281705032928494,-0.299920475631552,-0.23929078768441,1.35161889677442,1.45831298507117,0.766439573459716,1.20007348888487,3.23074912132919,14.2047173195833,9.36187249769016
"Inflation, consumer prices (annual %)",FP.CPI.TOTL.ZG,Northern Mariana Islands,MNP,..,..,..,..,..,..,..,..,..,..,..,..
"Inflation, consumer prices (annual %)",FP.CPI.TOTL.ZG,Norway,NOR,4.1310334831135,3.08550609131276,2.04170286707211,2.17113665389527,3.54999999999998,1.87510059552554,2.76483134528788,2.16773003305402,1.28658490708005,3.48388055266678,5.76412317852272,5.51784987104659
"Inflation, consumer prices (annual %)",FP.CPI.TOTL.ZG,Oman,OMN,..,..,1.01401483924156,0.0652901330286599,1.10920805807027,1.58909413567799,0.889312370970404,0.490815362820671,-0.40640291946585,1.68221185876085,2.5061425061425,0.950782997762827
"Inflation, consumer prices (annual %)",FP.CPI.TOTL.ZG,Pakistan,PAK,9.05213155279776,4.36666451291681,7.18938402847028,2.52932817254229,3.7651191635658,4.08537368032608,5.07805725868917,10.5783618004555,9.73999313898155,9.49621056124947,19.8738599646655,30.7681280657005
"Inflation, consumer prices (annual %)",FP.CPI.TOTL.ZG,Palau,PLW,..,..,4.19174548581256,0.949040643697081,-1.04230533415074,1.4179881966692,2.10970464135017,0.26737967914444,0.218181818181833,2.6124818577648,12.3526638378124,12.7989928661351
"Inflation, consumer prices (annual %)",FP.CPI.TOTL.ZG,Panama,PAN,0.769485354956023,1.49896111605777,2.62652699929151,0.137492058461504,0.739734025300033,0.875585918759878,0.761578359399944,-0.355083821021245,-1.5502754080376,1.63070337301898,2.85965128834711,1.48641355277038
"Inflation, consumer prices (annual %)",FP.CPI.TOTL.ZG,Papua New Guinea,PNG,6.9533615990307,15.5958933107535,5.22211720226841,5.99595778127107,6.6737288135593,5.42204568023834,4.37448921453162,3.92867290939597,4.87167398565555,4.48359014042398,5.25323922215241,2.29869991296791
"Inflation, consumer prices (annual %)",FP.CPI.TOTL.ZG,Paraguay,PRY,37.2599561799201,8.98215976750022,5.02882767456766,3.12900274473925,4.08682280577241,3.60247741348943,3.97561015740694,2.75709727562775,1.76751592356698,4.787983101236,9.76556667164402,4.63202285403356
"Inflation, consumer prices (annual %)",FP.CPI.TOTL.ZG,Peru,PER,7481.66361124526,3.75733833344474,3.41194579807465,3.39809194746308,3.55717663556279,2.99490045809443,1.50915423024742,2.25212191358027,2.00241205759292,4.27166381536798,8.33370630096231,6.45561348369586
"Inflation, consumer prices (annual %)",FP.CPI.TOTL.ZG,Philippines,PHL,12.1773522064946,3.9771250324928,3.59782343864211,0.674192536845408,1.25369880080982,2.85318772590947,5.30934661627707,2.39206534422404,2.3931623931624,3.92718022100332,5.82115811213955,5.97802515541409
"Inflation, consumer prices (annual %)",FP.CPI.TOTL.ZG,Poland,POL,567.878800666191,9.90017538843064,0.0538213132399802,-0.87412587412577,-0.664767331433961,2.0759355367385,1.81295156542679,2.227478809383,3.37446972618589,5.05502704719272,14.4294507575758,11.5289127961105
"Inflation, consumer prices (annual %)",FP.CPI.TOTL.ZG,Portugal,PRT,13.6305705693074,2.85303039287157,-0.278153367467428,0.48793862390472,0.607397074641719,1.36861411643472,0.993715683468326,0.338178410046034,-0.0124383299575305,1.26565719069044,7.83269124233323,4.31128191898672
"Inflation, consumer prices (annual %)",FP.CPI.TOTL.ZG,Puerto Rico,PRI,..,..,..,..,..,..,..,..,..,..,..,..
"Inflation, consumer prices (annual %)",FP.CPI.TOTL.ZG,Qatar,QAT,3.0009680542111,1.65033522434232,3.34972085659523,1.8140772393776,2.6765917009819,0.394878914083005,0.255815382724408,-0.666641124861147,-2.5403150300476,2.30446565742003,4.99527553740761,3.02764899198902
"Inflation, consumer prices (annual %)",FP.CPI.TOTL.ZG,Romania,ROU,..,45.6665940440238,1.06830987684298,-0.594156437495203,-1.54479666813897,1.3390212110439,4.62548443137779,3.82785432599438,2.63107311184743,5.05232876096582,13.7954887432521,10.3971874764996
"Inflation, consumer prices (annual %)",FP.CPI.TOTL.ZG,Russian Federation,RUS,..,20.7987606558704,7.82341183865513,15.5344050528403,7.04244762954799,3.68332944412233,2.87829723647884,4.47036660760173,3.38165937237898,6.69445891957612,..,..
"Inflation, consumer prices (annual %)",FP.CPI.TOTL.ZG,Rwanda,RWA,4.18576372649948,3.89952980284712,2.35449052820358,2.52850284192421,7.17434301982009,8.27953672260832,-0.311210160390699,3.34787655037648,9.85039902274207,-0.391346748300791,17.6892095588153,19.789546746467
"Inflation, consumer prices (annual %)",FP.CPI.TOTL.ZG,Samoa,WSM,15.2384632724695,0.966782350024729,-0.40681608842489,0.724470134874729,1.30471869303179,1.74989677484705,4.19745888663752,0.982326569888117,-1.56891247740895,3.13320473174494,10.9618822286844,..
"Inflation, consumer prices (annual %)",FP.CPI.TOTL.ZG,San Marino,SMR,..,..,1.11296303373832,0.145686073240975,0.573948019802681,1.04597683468917,..,..,..,..,..,..
"Inflation, consumer prices (annual %)",FP.CPI.TOTL.ZG,Sao Tome and Principe,STP,..,12.2089456308977,6.99849943966421,5.24587835022454,5.43051966119156,5.6902961992902,7.86859628873909,7.72024525213248,9.81932791540146,8.13777038378732,18.0056351122841,21.2589138473
"Inflation, consumer prices (annual %)",FP.CPI.TOTL.ZG,Saudi Arabia,SAU,2.07715133531159,-1.12499477854774,2.23629031536978,1.20607322150109,2.06884036053473,-0.838194579675018,2.45814158007532,-2.09333333333329,3.44545825956692,3.06328988941547,2.4740737192537,2.32708518362692
"Inflation, consumer prices (annual %)",FP.CPI.TOTL.ZG,Senegal,SEN,0.325098630183258,0.731981981981609,-1.09025507446895,0.13521193363526,0.837284942557434,1.3181531484778,0.460985642464282,1.76011151192938,2.54314685681652,2.18032278088147,9.69681899081073,5.93947798773215
"Inflation, consumer prices (annual %)",FP.CPI.TOTL.ZG,Serbia,SRB,..,71.1206287946541,2.08244793880154,1.39235822000187,1.12231397417769,3.13106248590115,1.95984076293801,1.84922984511086,1.57553290083415,4.08510285335102,11.9815117344703,12.3719043552519
"Inflation, consumer prices (annual %)",FP.CPI.TOTL.ZG,Seychelles,SYC,3.88888888888912,6.26876876876878,1.38583454581263,4.04194410725617,-1.01548191697626,2.85679575568437,3.70291839111568,1.80709400809982,1.20266463987123,9.76909936973542,2.6260363285129,-1.03530088431952
"Inflation, consumer prices (annual %)",FP.CPI.TOTL.ZG,Sierra Leone,SLE,..,..,4.63931171409667,6.68943562498681,10.8860609413903,18.2215094003386,16.0295447693699,14.8049990906021,13.4468711101052,11.8739588840234,27.2082883814653,47.6428733253179
"Inflation, consumer prices (annual %)",FP.CPI.TOTL.ZG,Singapore,SGP,3.46075338652822,1.36162392448454,1.02514803039391,-0.522618167075298,-0.532268739716253,0.576260310166349,0.43862011844684,0.565260568780326,-0.181916666666634,2.30485959040484,6.12106004039418,4.82146729476466
"Inflation, consumer prices (annual %)",FP.CPI.TOTL.ZG,Sint Maarten (Dutch part),SXM,..,..,1.88675466275266,0.330027165141066,0.111682655737579,2.19201010962985,..,..,..,..,..,..
"Inflation, consumer prices (annual %)",FP.CPI.TOTL.ZG,Slovak Republic,SVK,..,12.0357805974299,-0.0761653295419871,-0.325219777427673,-0.520010196278266,1.31194588223228,2.51403712883812,2.66456133425431,1.93694126694223,3.14960629921268,12.7741463637611,10.5319476645211
"Inflation, consumer prices (annual %)",FP.CPI.TOTL.ZG,Slovenia,SVN,552.083528914325,8.91174418658769,0.19934382657075,-0.525552285820877,-0.054999541670474,1.42910743319306,1.7386086198818,1.63052260754344,-0.05485681576061,1.91706506089259,8.83369886749452,7.44687717385838
"Inflation, consumer prices (annual %)",FP.CPI.TOTL.ZG,Solomon Islands,SLB,8.73759261848181,7.88956186986721,5.16590237925171,-0.57446928635949,0.512485626268792,0.488686760261083,3.46147484973729,1.63485544012247,2.96354992076065,-0.115437894412839,5.51812928576938,5.88585897042164
"Inflation, consumer prices (annual %)",FP.CPI.TOTL.ZG,Somalia,SOM,..,..,..,..,..,..,..,..,..,..,..,..
"Inflation, consumer prices (annual %)",FP.CPI.TOTL.ZG,South Africa,ZAF,14.320955727722,5.33895102929212,6.12983770287141,4.54064227737906,6.57139642173964,5.18424664766128,4.51716522786592,4.12024587014984,3.21003597454107,4.61167217803206,7.03972661255866,6.0739085322053
"Inflation, consumer prices (annual %)",FP.CPI.TOTL.ZG,South Sudan,SSD,..,..,1.67429906295525,52.7663304192142,379.999585624026,187.851630279442,83.5015294921999,87.2413641500033,29.6758435538571,10.5167158294359,-6.68732094212672,2.38280434813759
"Inflation, consumer prices (annual %)",FP.CPI.TOTL.ZG,Spain,ESP,6.72181952228657,3.43351563418767,-0.151114837527235,-0.500365709903242,-0.202598000426452,1.95607633363963,1.6749813686379,0.699518994458739,-0.322753017299739,3.0931351197642,8.39057634118627,3.53236133492433
"Inflation, consumer prices (annual %)",FP.CPI.TOTL.ZG,Sri Lanka,LKA,21.495252052759,6.17627591012045,3.1790022823606,3.76836783062096,3.9588884659307,7.70413767850602,2.135037737132,3.52839358231811,6.15394508391738,7.01478071238195,49.7211021114327,16.5411742279832
"Inflation, consumer prices (annual %)",FP.CPI.TOTL.ZG,St. Kitts and Nevis,KNA,4.01098407755617,2.14885532743696,0.247865392364942,-2.30187563045616,-0.687037123294039,0.694916711613604,-1.03712214131572,-0.329562063663977,-1.16724501769353,1.195688870384,2.66817533111249,3.55711230848243
"Inflation, consumer prices (annual %)",FP.CPI.TOTL.ZG,St. Lucia,LCA,4.26755662855972,3.7107860871361,3.51695551369241,-0.983600952696996,-3.07821765676927,0.104262078958441,1.93561893150602,0.539087559191757,-1.75580833517594,2.41070312174393,6.37814695133351,4.07060821926204
"Inflation, consumer prices (annual %)",FP.CPI.TOTL.ZG,St. Martin (French part),MAF,..,..,..,..,..,..,..,..,..,..,..,..
"Inflation, consumer prices (annual %)",FP.CPI.TOTL.ZG,St. Vincent and the Grenadines,VCT,7.60609957743892,0.167679637488279,0.193858560794015,-1.73361194953959,-0.149641647633284,2.15333648840511,2.32414485367921,0.91306972532459,-0.628131309354654,1.57272932500558,5.66009779226552,4.56457719814894
"Inflation, consumer prices (annual %)",FP.CPI.TOTL.ZG,Sudan,SDN,65.1580979966203,7.12125897172291,36.9066427863595,16.9095706050977,17.750253831196,32.3516260968437,63.2925073455888,50.9940515002965,163.257782355458,359.093040778999,138.80846024176,..
"Inflation, consumer prices (annual %)",FP.CPI.TOTL.ZG,Suriname,SUR,21.7399443397526,59.401686545079,3.38341272749477,6.89390359168238,55.4123879763196,21.9969430173304,..,..,34.889784309078,59.1196626251977,52.446027276241,51.5873159600861
"Inflation, consumer prices (annual %)",FP.CPI.TOTL.ZG,Sweden,SWE,10.3665533879493,0.899143734041633,-0.179638494114635,-0.0467847449832812,0.984269244577992,1.79449904665589,1.95353530127028,1.78415097403835,0.497367318853572,2.16319736447153,8.36929098869189,8.54862489748902
"Inflation, consumer prices (annual %)",FP.CPI.TOTL.ZG,Switzerland,CHE,5.4039590921894,1.5585291967901,-0.0132025387514939,-1.14390867228183,-0.434618664285835,0.533787839825897,0.936335464113563,0.362886179940614,-0.725874933313384,0.581814168489856,2.83502798644463,2.13540088016377
"Inflation, consumer prices (annual %)",FP.CPI.TOTL.ZG,Syrian Arab Republic,SYR,19.3968672229543,-3.84615384615379,10.9271141804297,38.4611429599733,47.7051615298923,18.0752696281771,0.940983843906769,13.4175653228571,..,..,..,..
"Inflation, consumer prices (annual %)",FP.CPI.TOTL.ZG,Tajikistan,TJK,..,..,6.10442765129667,5.7145594964971,6.00458082322139,..,..,..,..,..,..,..
"Inflation, consumer prices (annual %)",FP.CPI.TOTL.ZG,Tanzania,TZA,35.8267716535433,5.92396109637479,6.13161432988012,5.58816952959298,5.17476629301493,5.31871605228931,3.49445848856181,3.4642805799902,3.29029062798325,3.69091958802199,4.35027204269101,3.79923291384916
"Inflation, consumer prices (annual %)",FP.CPI.TOTL.ZG,Thailand,THA,5.86399474375828,1.59196917460972,1.8951418189878,-0.900424963291569,0.188149704448234,0.665631893135106,1.06389754183015,0.706728601314311,-0.845937147357041,1.23039541318384,6.07741228434321,1.22802623546169
"Inflation, consumer prices (annual %)",FP.CPI.TOTL.ZG,Timor-Leste,TLS,..,..,0.848838206293388,0.646148614181321,-1.46984287886469,0.52297668038404,2.29424307036253,0.958812739703154,0.495499215459577,3.69792094666784,7.00530945399784,8.42035103310379
"Inflation, consumer prices (annual %)",FP.CPI.TOTL.ZG,Togo,TGO,1.01534150530809,1.86260595463066,0.19087507624975,2.58500390801595,1.28544847051417,-0.981889868943119,0.927755426457183,0.674652770077436,1.69928463299408,4.1862150652352,7.96757361617945,..
"Inflation, consumer prices (annual %)",FP.CPI.TOTL.ZG,Tonga,TON,9.70986384562655,6.32763551411155,2.51087633253706,-1.05399831971283,2.57815515245081,7.51706283551115,5.03209691984874,1.17954334821808,-0.349737696727496,5.64051140636751,10.9713652903022,6.35112980255189
"Inflation, consumer prices (annual %)",FP.CPI.TOTL.ZG,Trinidad and Tobago,TTO,11.0644257703083,3.55541319666877,5.68441814595659,4.66121598098264,3.07066742464024,1.88038440183532,1.01856930188822,1.00054293027237,0.598986330824643,2.05922746915458,5.82838638517959,4.62930242419968
"Inflation, consumer prices (annual %)",FP.CPI.TOTL.ZG,Tunisia,TUN,6.54529307282414,2.96230794738605,4.62555099534031,4.437371273215,3.62939937384381,5.30884839565844,7.30759176031652,6.72007532863799,5.63415115897625,5.706350208307,8.30646124447623,9.32899597507865
"Inflation, consumer prices (annual %)",FP.CPI.TOTL.ZG,Turkiye,TUR,60.3038691346446,54.9153705812683,8.85457271364324,7.67085364845877,7.7751341532833,11.1443110840765,16.3324638988928,15.1768215720022,12.2789574462574,19.5964926913324,72.3088359891207,53.8594087593315
"Inflation, consumer prices (annual %)",FP.CPI.TOTL.ZG,Turkmenistan,TKM,..,..,..,..,..,..,..,..,..,..,..,..
"Inflation, consumer prices (annual %)",FP.CPI.TOTL.ZG,Turks and Caicos Islands,TCA,..,..,..,..,..,..,..,..,..,..,..,..
"Inflation, consumer prices (annual %)",FP.CPI.TOTL.ZG,Tuvalu,TUV,..,..,..,..,..,..,..,..,..,..,..,..
"Inflation, consumer prices (annual %)",FP.CPI.TOTL.ZG,Uganda,UGA,..,3.39202158512998,3.07570668958641,5.58968606251725,5.70637504616212,5.20971705914209,2.61601190952274,2.867588034469,3.31332289544502,2.20457204757414,7.1957888597581,5.35094804280395
"Inflation, consumer prices (annual %)",FP.CPI.TOTL.ZG,Ukraine,UKR,..,28.2030972388552,12.0718562874251,48.6998646434424,13.9127101997797,14.4383227488749,10.9518559353178,7.88671745611133,2.73249209419427,9.36313917695223,20.1836366617478,12.8490222828559
"Inflation, consumer prices (annual %)",FP.CPI.TOTL.ZG,United Arab Emirates,ARE,..,..,2.34626865671643,4.06996608361593,1.61748808904198,1.96682557818842,3.06863379251997,-1.93108114782173,-2.07940317940944,0.179935336174431,5.29122604376849,1.62670837213248
"Inflation, consumer prices (annual %)",FP.CPI.TOTL.ZG,United Kingdom,GBR,8.06346090938833,1.18295624210408,1.45112016293279,0.36804684232536,1.0084173681141,2.55775577557747,2.29283990345938,1.73810460086513,0.989486703772491,2.51837109614213,7.92204883147902,6.79396706793963
"Inflation, consumer prices (annual %)",FP.CPI.TOTL.ZG,United States,USA,5.39795643990325,3.37685727149929,1.62222297740817,0.118627135552451,1.26158320570536,2.13011000365961,2.44258329692817,1.81221007526021,1.23358439630629,4.69785886363742,8.00279982052121,4.11633838374488
"Inflation, consumer prices (annual %)",FP.CPI.TOTL.ZG,Uruguay,URY,112.525905573023,4.76382472733251,8.87735333229828,8.66626987079328,9.6394134763508,6.2180938256186,7.60653360377047,7.88198870879619,9.75640636078194,7.74791402314762,9.10437983075437,5.86910359896119
"Inflation, consumer prices (annual %)",FP.CPI.TOTL.ZG,Uzbekistan,UZB,..,..,9.28309356162702,8.75188196737494,8.13088669523606,13.8757425441634,17.5241796514057,14.5257359560685,12.8677297362606,10.849239750812,11.4466436998834,..
"Inflation, consumer prices (annual %)",FP.CPI.TOTL.ZG,Vanuatu,VUT,4.7594412829797,2.53768844221106,0.798863838097023,2.48326875660439,0.842069084035061,3.08452624403546,2.33096379566866,2.76252019386111,5.32935073101715,2.34328358208953,6.67930581887121,..
"Inflation, consumer prices (annual %)",FP.CPI.TOTL.ZG,"Venezuela, RB",VEN,..,..,62.1686499794829,121.738085297503,254.948534781816,..,..,..,..,..,..,..
"Inflation, consumer prices (annual %)",FP.CPI.TOTL.ZG,Viet Nam,VNM,..,-1.71033727851109,4.08455446637617,0.631200905175754,2.66824816969082,3.52025688811617,3.53962805942641,2.7958236745225,3.22093436652514,1.83471554810444,3.15650749963129,3.25289282667662
"Inflation, consumer prices (annual %)",FP.CPI.TOTL.ZG,Virgin Islands (U.S.),VIR,..,..,..,..,..,..,..,..,..,..,..,..
"Inflation, consumer prices (annual %)",FP.CPI.TOTL.ZG,West Bank and Gaza,PSE,..,2.79819892435758,1.73298510037447,1.43161145810476,-0.219106604907316,0.212570934228881,-0.195107773730735,1.58018333639455,-0.735332001092191,1.23748102831369,3.74122391852077,5.87110177678988
"Inflation, consumer prices (annual %)",FP.CPI.TOTL.ZG,"Yemen, Rep.",YEM,..,4.58999999999981,8.10472583623915,..,..,..,..,..,..,..,..,..
"Inflation, consumer prices (annual %)",FP.CPI.TOTL.ZG,Zambia,ZMB,107.023809523808,26.0304117888121,7.80687553566333,10.1105928909618,17.8697300795268,6.57731154205644,7.4945719272852,9.15031644316296,15.7330604721369,22.0207676245777,10.9932039209136,10.884531691282
"Inflation, consumer prices (annual %)",FP.CPI.TOTL.ZG,Zimbabwe,ZWE,..,..,-0.19778481012661,-2.43096842383404,-1.54366960054161,0.893962316050027,10.6188658669575,255.304990757856,557.201817362051,98.5461050920624,104.705170628667,..
"Inflation, consumer prices (annual %)",FP.CPI.TOTL.ZG,Africa Eastern and Southern,AFE,12.4579139789566,8.60148514851491,5.37028961008587,5.24587835022454,6.57139642173964,6.39934341569381,4.72080474200535,4.65366473106483,5.40516207933392,7.24097765588442,10.7737512242899,7.12697482131851
"Inflation, consumer prices (annual %)",FP.CPI.TOTL.ZG,Africa Western and Central,AFW,1.05736139457209,2.53077516737987,1.76843582146219,2.13081738058791,1.48741550755546,1.72548602374723,1.78404994832039,1.98309228487231,2.49037783931944,3.74570045027355,7.94925143524016,4.95305034506872
"Inflation, consumer prices (annual %)",FP.CPI.TOTL.ZG,Arab World,ARB,8.45146240803882,1.85379035325277,2.77351613126123,1.84862742374977,2.6765917009819,2.17183298510006,2.45814158007532,1.09184802655856,1.61222220402456,2.96581008346283,5.08754200853911,3.64216403030709
"Inflation, consumer prices (annual %)",FP.CPI.TOTL.ZG,Caribbean small states,CSS,4.01098407755617,2.18181818181821,1.08944157435355,-0.861584009427748,0.141816225732312,1.51820700736147,1.24500040905268,1.17221285357721,-0.294805105674599,2.23684975359863,6.19597434778739,4.22769324983409
"Inflation, consumer prices (annual %)",FP.CPI.TOTL.ZG,Central Europe and the Baltics,CEB,..,8.91174418658769,0.0538213132399802,-0.464499004644911,-0.054999541670474,2.0759355367385,2.53445424186598,2.66456133425431,1.67244096855756,3.83984491500146,14.6081439492433,9.44284140088564
"Inflation, consumer prices (annual %)",FP.CPI.TOTL.ZG,Early-demographic dividend,EAR,11.9060546010382,3.89952980284712,4.07392957476225,3.12900274473925,3.52317317628473,3.60247741348943,3.95721831216162,2.75980873474443,2.95192253170018,4.03843012730298,7.11917138432866,5.76012248293456
"Inflation, consumer prices (annual %)",FP.CPI.TOTL.ZG,East Asia & Pacific,EAS,7.81919144730547,1.59196917460972,2.51087633253706,0.795279630579839,1.27699094497324,1.8003422246862,2.3126034330156,1.70397863236265,0.846905537459305,2.47710241465447,5.40874375479067,3.63379383703009
"Inflation, consumer prices (annual %)",FP.CPI.TOTL.ZG,East Asia & Pacific (excluding high income),EAP,8.19137132040974,2.15851810619419,3.14299050879095,1.22393195511119,1.91731090233378,2.91263557371478,3.1983464156241,1.94257500833107,2.40629214387011,2.69891859529198,5.46343652028003,3.67013142377007
"Inflation, consumer prices (annual %)",FP.CPI.TOTL.ZG,East Asia & Pacific (IDA & IBRD countries),TEA,8.19137132040974,2.15851810619419,3.37040697371653,1.08648629940414,1.75711158908291,2.88291164981212,2.82871578471278,1.93321335810515,2.3931623931624,2.6124818577648,5.51812928576938,4.77799519709585
"Inflation, consumer prices (annual %)",FP.CPI.TOTL.ZG,Euro area,EMU,3.97518340428825,2.94756559977476,0.220195628198753,-0.0852072296963749,0.166009884375616,1.37503641525339,1.6892396580413,1.44123966942341,0.186938139702131,2.4865043812082,8.47117645590892,5.78431554960862
"Inflation, consumer prices (annual %)",FP.CPI.TOTL.ZG,Europe & Central Asia,ECS,..,3.77538829151734,0.620490636732421,0.36804684232536,0.388838296895799,1.91558846458258,2.02805963071136,1.78415097403835,1.20007348888487,3.23074912132919,11.113612187876,7.44687717385838
"Inflation, consumer prices (annual %)",FP.CPI.TOTL.ZG,Europe & Central Asia (excluding high income),ECA,..,15.9408124351878,3.06881210379543,4.02768573742726,2.13492713939121,4.60357355778866,2.56572880132719,2.64328192719554,2.74615078213777,6.91756771076075,13.8875841659221,8.78543049849081
"Inflation, consumer prices (annual %)",FP.CPI.TOTL.ZG,Europe & Central Asia (IDA & IBRD countries),TEC,..,13.1808905865732,2.53187831406913,3.86763469978395,1.19887282892589,3.13106248590115,2.611223782638,2.67599202639893,2.73249209419427,5.10641129002841,13.8875841659221,9.36187249769016
"Inflation, consumer prices (annual %)",FP.CPI.TOTL.ZG,European Union,EUU,6.1495653117985,3.15076707022592,0.19934382657075,-0.0616446800641672,0.18333486112386,1.42910743319306,1.7386086198818,1.63052260754344,0.476498852725066,2.55450699642041,8.83369886749452,6.29942487419125
"Inflation, consumer prices (annual %)",FP.CPI.TOTL.ZG,Fragile and conflict affected situations,FCS,..,3.82260088086307,2.33445774751952,2.676235314199,3.19056179723773,4.18072331871267,2.96760366004456,2.45280214062732,2.81534292722848,4.09248350323572,8.19957411428187,6.50641689587007
"Inflation, consumer prices (annual %)",FP.CPI.TOTL.ZG,Heavily indebted poor countries (HIPC),HPC,6.8011976076257,4.16540442290284,3.96986045166308,3.77406982025571,4.66466235810205,4.97595150553892,3.06735996058356,2.80270307928106,3.47617372722197,4.37012190478156,9.57337118555957,7.38281384280984
"Inflation, consumer prices (annual %)",FP.CPI.TOTL.ZG,High income,HIC,5.4039590921894,2.68684736744012,1.03317212108915,0.31969585681802,0.443258157565783,1.58734107634072,1.88110801380597,1.61519988737213,0.598986330824643,2.52692009066166,7.35165155325364,4.82146729476466
"Inflation, consumer prices (annual %)",FP.CPI.TOTL.ZG,IBRD only,IBD,16.1921375615233,4.68757013735526,3.50379093139812,3.09551722027242,2.12081713361587,3.32389447576097,3.21605383144579,2.55754475703327,2.40414666699827,4.26635754479805,8.81109209279587,5.92897989412842
"Inflation, consumer prices (annual %)",FP.CPI.TOTL.ZG,IDA & IBRD total,IBT,10.8589657782787,4.18234633956547,3.51695551369241,3.14341696227424,2.81833288054802,3.44637335032669,3.13285318810383,2.6806827895334,2.82900161517199,4.22278962033194,8.33370630096231,6.08252502862335
"Inflation, consumer prices (annual %)",FP.CPI.TOTL.ZG,IDA blend,IDB,7.36440030557692,3.06743966930585,1.52814907423918,1.95210679937833,2.42047587077673,1.65049494073163,2.32414485367921,2.20607305781525,1.79537147083108,3.23563659237071,7.00530945399784,4.38984017487675
"Inflation, consumer prices (annual %)",FP.CPI.TOTL.ZG,IDA only,IDX,9.86085108398358,4.01212081070342,4.12924306873771,3.40274327737188,3.74103082110772,4.31421134623784,3.01748181031406,2.83514555687503,3.68181341625572,4.25936417542868,9.39383877456591,7.11475951738199
"Inflation, consumer prices (annual %)",FP.CPI.TOTL.ZG,IDA total,IDA,8.2397003745321,3.8610653418551,3.51695551369241,3.16346457365876,3.37153003512095,3.89251625363385,2.96760366004456,2.7264303738882,3.47617372722197,4.16794754941892,8.06408196804895,6.50719080301323
"Inflation, consumer prices (annual %)",FP.CPI.TOTL.ZG,Late-demographic dividend,LTE,7.60609957743892,4.10280983042328,2.04461481539333,1.5579071134626,1.10920805807027,2.17727572689263,2.47446347118434,2.16176258133054,1.93694126694223,3.49505757399448,8.51819703483594,5.9801225620013
"Inflation, consumer prices (annual %)",FP.CPI.TOTL.ZG,Latin America & Caribbean,LCN,21.5079881732679,4.60822998872598,3.38341272749477,1.86148302863371,1.65038994431573,2.19201010962985,2.32414485367921,2.25212191358027,0.99333702283873,3.49505757399448,7.7806152516404,4.62930242419968
"Inflation, consumer prices (annual %)",FP.CPI.TOTL.ZG,Latin America & Caribbean (excluding high income),LAC,22.6413707765775,7.06991352252517,3.43816659958601,3.12900274473925,2.72461223295289,3.27955694678546,2.78235709149245,2.17408413342917,2.00241205759292,4.26105127422813,8.27477490232654,4.6127928384328
"Inflation, consumer prices (annual %)",FP.CPI.TOTL.ZG,Latin America & the Caribbean (IDA & IBRD countries),TLA,21.8500597281305,4.76382472733251,3.42826414810781,2.92482169718974,2.53781710390567,2.8227580554717,2.29810236299038,2.0916386224491,1.38042647320286,3.8780544241113,7.83844572166295,4.63066263911662
"Inflation, consumer prices (annual %)",FP.CPI.TOTL.ZG,Least developed countries: UN classification,LDC,8.48864649650696,4.03246711287498,4.40535234185293,3.963943162112,5.47202269406075,4.97595150553892,3.49445848856181,3.32255881256925,4.4641443723286,4.1862150652352,9.39383877456591,8.11266347619176
"Inflation, consumer prices (annual %)",FP.CPI.TOTL.ZG,Low & middle income,LMY,10.3326720542949,4.06396201382596,3.56179436381993,3.16909796750829,3.01913975139128,3.66699702675916,3.23929245939142,2.74176382475797,2.96354992076065,4.1862150652352,8.30646124447623,6.0739085322053
"Inflation, consumer prices (annual %)",FP.CPI.TOTL.ZG,Low income,LIC,6.07732540412944,3.60731123299653,4.40535234185293,4.96090778162717,5.87106681385445,8.27953672260832,2.96760366004456,2.867588034469,4.4641443723286,5.81225118787715,9.62147608489072,9.98439015850204
"Inflation, consumer prices (annual %)",FP.CPI.TOTL.ZG,Lower middle income,LMC,10.6535057862491,4.01077836057766,4.78942509009216,3.23658600886781,3.20522434559745,3.52025688811617,4.0611633875107,3.31925372703827,4.87167398565555,4.14968003360264,7.69695437176898,6.88900566042828
"Inflation, consumer prices (annual %)",FP.CPI.TOTL.ZG,Middle East & North Africa,MEA,8.03956867283908,1.81294613887089,2.43294141599225,1.6859921764201,2.37271603075831,1.7779598569332,1.94579304594437,1.04883403678997,0.705968661338261,2.30446565742003,4.99527553740761,4.22535211267609
"Inflation, consumer prices (annual %)",FP.CPI.TOTL.ZG,Middle East & North Africa (excluding high income),MNA,12.3217999847811,2.68380535348546,2.89947905006057,2.9976391933388,3.18390573061568,4.81510028934517,4.36615064471282,2.47857885221637,1.7774078380617,5.21404940513043,6.65704202759067,6.09114152504141
"Inflation, consumer prices (annual %)",FP.CPI.TOTL.ZG,Middle East & North Africa (IDA & IBRD countries),TMN,12.3217999847811,2.28921996056005,2.90820298536757,4.437371273215,3.62939937384381,5.30884839565844,4.46231108475481,3.00538949390383,2.09626938944792,5.46019980671871,7.48175163603345,7.70665764216232
"Inflation, consumer prices (annual %)",FP.CPI.TOTL.ZG,Middle income,MIC,11.0249259531024,4.19928825622809,3.53436856147324,3.12900274473925,2.72461223295289,3.39697584895255,3.24056932930569,2.67599202639893,2.65664643301128,4.08852737513983,8.27328940087841,5.93947798773215
"Inflation, consumer prices (annual %)",FP.CPI.TOTL.ZG,North America,NAC,5.08921668663315,3.04814861420952,1.76442944229339,0.621934248247611,1.34517137635811,1.86349706609469,2.3554044847046,1.88073954968807,0.975292014307058,4.04652602445635,7.40280048696867,3.99766999081457
"Inflation, consumer prices (annual %)",FP.CPI.TOTL.ZG,Not classified,INX,..,..,..,..,..,..,..,..,..,..,..,..
"Inflation, consumer prices (annual %)",FP.CPI.TOTL.ZG,OECD members,OED,6.72181952228657,3.06380344899535,0.624517311086569,0.338705695410167,0.443258157565783,1.82264336059063,1.93246812286359,1.74071267870181,0.73285164517586,2.81528854435832,8.23803240697186,5.67767862615429
"Inflation, consumer prices (annual %)",FP.CPI.TOTL.ZG,Other small states,OSS,4.50205462895843,4.01848952508763,1.34186494340157,1.10054826378929,0.573948019802681,1.76041559180596,2.45273342650026,1.37436338032502,0.638544956776712,2.44608867175474,7.00530945399784,4.22934419929261
"Inflation, consumer prices (annual %)",FP.CPI.TOTL.ZG,Pacific island small states,PSS,..,2.34810327420263,1.45142452367373,0.648242939254493,1.07339388853343,1.58394248575813,2.89621932270297,1.40719939417027,0.386388224517503,2.47788271992717,6.09871755232029,..
"Inflation, consumer prices (annual %)",FP.CPI.TOTL.ZG,Post-demographic dividend,PST,6.09844414810204,2.57987611218614,0.906794000434246,0.36804684232536,0.607397074641719,1.73079959118887,1.7386086198818,1.61963190184048,0.632267331911715,2.50835221473776,7.87737003690613,5.09396758978883
"Inflation, consumer prices (annual %)",FP.CPI.TOTL.ZG,Pre-demographic dividend,PRE,6.60022564874018,4.16540442290284,3.30503762552982,3.40274327737188,4.66466235810205,4.97595150553892,2.96760366004456,2.45280214062732,3.39862928518856,4.22278962033194,8.06408196804895,7.25489433206418
"Inflation, consumer prices (annual %)",FP.CPI.TOTL.ZG,Small states,SST,4.66931912018676,2.48675073855121,1.15718133927445,0.609082178907788,0.608325395664993,1.63405189110426,2.18778405406877,1.30544966502396,0.495499215459577,2.41080198403165,6.27689319447544,4.38984017487675
"Inflation, consumer prices (annual %)",FP.CPI.TOTL.ZG,South Asia,SAS,8.9712325027325,4.0094359104519,6.82864780544374,4.15825589072151,4.17139021053482,4.52022867508868,3.33139516437675,3.6289496588547,5.69107474746211,5.54565430773473,7.6507917679853,7.11475951738199
"Inflation, consumer prices (annual %)",FP.CPI.TOTL.ZG,South Asia (IDA & IBRD),TSA,8.9712325027325,4.0094359104519,6.82864780544374,4.15825589072151,4.17139021053482,4.52022867508868,3.33139516437675,3.6289496588547,5.69107474746211,5.54565430773473,7.6507917679853,7.11475951738199
"Inflation, consumer prices (annual %)",FP.CPI.TOTL.ZG,Sub-Saharan Africa,SSF,7.5448610969945,4.50078856262104,4.40225309243427,3.55075967356746,5.43051966119156,5.19698185340168,4.09297819300634,2.83514555687503,3.48393567493209,4.61167217803206,9.39383877456591,6.69759990789848
"Inflation, consumer prices (annual %)",FP.CPI.TOTL.ZG,Sub-Saharan Africa (excluding high income),SSA,7.72532188841208,4.19928825622809,4.4038027171436,3.47238752883653,5.49410463760061,5.20971705914209,4.27462198610545,2.867588034469,3.84286439841883,4.43551817673037,9.45955253039717,7.05298238454743
"Inflation, consumer prices (annual %)",FP.CPI.TOTL.ZG,Sub-Saharan Africa (IDA & IBRD countries),TSS,7.5448610969945,4.50078856262104,4.40225309243427,3.55075967356746,5.43051966119156,5.19698185340168,4.09297819300634,2.83514555687503,3.48393567493209,4.61167217803206,9.39383877456591,6.69759990789848
"Inflation, consumer prices (annual %)",FP.CPI.TOTL.ZG,Upper middle income,UMC,11.3963461199556,4.97896213183735,3.14299050879095,2.3887203283955,2.10670712784054,3.3475783475784,2.83014934367371,2.0239072819035,1.8903591682421,4.02852888157376,8.64091108973855,4.94432438791283
"Inflation, consumer prices (annual %)",FP.CPI.TOTL.ZG,World,WLD,8.06346090938833,3.43351563418767,2.35449052820358,1.44385719270808,1.60553917414213,2.25427651934813,2.43873655522937,2.21677593359912,1.9056635869553,3.4754032028988,7.93092925430087,5.63566880551913
,,,,,,,,,,,,,,,
,,,,,,,,,,,,,,,
,,,,,,,,,,,,,,,
Data from database: World Development Indicators,,,,,,,,,,,,,,,
Last Updated: 12/16/2024,,,,,,,,,,,,,,,
